ID,company name,position,url
1,walmart ,Principal Software Engineer,https://careers.walmart.com/us/jobs/1026838BR-principal-software-engineer-sunnyvale-ca
2,walmart,"Senior Manager II, Software Engineering",https://careers.walmart.com/us/jobs/1160670BR-senior-manager-ii-software-engineering-sunnyvale-ca
3,walmart,Software Engineer 3 - Tech CA (GEC5094),https://careers.walmart.com/us/jobs/1099440BR-software-engineer-3-tech-ca-gec5094-sunnyvale-ca
4,walmart,Staff Software Engineer,https://careers.walmart.com/us/jobs/1011843BR-staff-software-engineer-sunnyvale-ca
5,walmart,Staff Software Engineer,https://careers.walmart.com/us/jobs/1026836BR-staff-software-engineer-san-bruno-ca
6,walmart,Staff Software Engineer,https://careers.walmart.com/us/jobs/1079496BR-staff-software-engineer-sunnyvale-ca
7,walmart,Senior Director - Software Engineering - Merchant,https://careers.walmart.com/us/jobs/1138066BR-senior-director-software-engineering-merchant-technology-bentonville-ar
8,walmart,Senior Software Engineer,https://careers.walmart.com/us/jobs/1175883BR-senior-software-engineer-carlsbad-ca
9,walmart,Senior Data Scientist - Search / Relevance,https://careers.walmart.com/us/jobs/1202887BR-senior-data-scientist-search-relevance-san-bruno-ca
10,walmart,Staff Software Engineer-Technology,https://careers.walmart.com/us/jobs/1173563BR-staff-software-engineer-technology-reston-va
11,walmart,Staff Software Engineer-Technology,https://careers.walmart.com/us/jobs/1179705BR-staff-software-engineer-tech-bentonville-ar
12,walmart,Data Scientist (GEC11901),https://careers.walmart.com/us/jobs/1069342BR-data-scientist-gec11901-san-bruno-ca
13,walmart,Senior Software Engineer,https://careers.walmart.com/us/jobs/1196418BR-senior-software-engineer-sunnyvale-ca
14,walmart,Software Engineer 3,https://careers.walmart.com/us/jobs/1192629BR-software-engineer-3-sunnyvale-ca
15,walmart,Senior Software Engineer,https://careers.walmart.com/us/jobs/1018904BR-senior-software-engineer-reston-va
16,walmart,Staff Software Engineer,https://careers.walmart.com/us/jobs/1206859BR-staff-software-engineer-sunnyvale-ca
17,walmart,"Senior Manager, Software Engineering & Data Science",https://careers.walmart.com/us/jobs/1206121BR-senior-manager-software-engineering-data-science-sunnyvale-ca
18,walmart,Staff Data Scientist - NLP,https://careers.walmart.com/us/jobs/1206896BR-staff-data-scientist-nlp-sunnyvale-ca
19,walmart,Senior Software Engineer,https://careers.walmart.com/us/jobs/1206942BR-senior-software-engineer-sunnyvale-ca
20,walmart,Senior Software Engineer,https://careers.walmart.com/us/jobs/1019402BR-senior-software-engineer-sunnyvale-ca
21,walmart,Staff Software Engineer - Telemetry,https://careers.walmart.com/us/jobs/1070264BR-staff-software-engineer-telemetry-sunnyvale-ca
22,walmart,Staff Software Engineer,https://careers.walmart.com/us/jobs/1204636BR-staff-software-engineer-carlsbad-ca
23,walmart,SENIOR SOFTWARE ENGINEER,https://careers.walmart.com/us/jobs/1172649BR-senior-software-engineer-sunnyvale-ca
24,walmart,Principal Software Engineer - Telemetry,https://careers.walmart.com/us/jobs/1070243BR-principal-software-engineer-telemetry-carlsbad-ca
25,walmart,Staff Software Engineer,https://careers.walmart.com/us/jobs/1070252BR-staff-software-engineer-carlsbad-ca
26,walmart,Staff Software Engineer,https://careers.walmart.com/us/jobs/1070050BR-staff-software-engineer-san-bruno-ca
27,walmart,Principal Software Engineer - Telemetry,https://careers.walmart.com/us/jobs/1070227BR-principal-software-engineer-telemetry-sunnyvale-ca
28,walmart,Product Designer,https://careers.walmart.com/us/jobs/1093737BR-product-designer-bentonville-ar
29,walmart,Senior Product Designer,https://careers.walmart.com/us/jobs/1094027BR-senior-product-designer-bentonville-ar
30,walmart,Staff Software Engineer-Technology,https://careers.walmart.com/us/jobs/1179841BR-staff-software-engineer-tech-bentonville-ar
31,walmart,Sr Software Engineer-Tech,https://careers.walmart.com/us/jobs/1179879BR-sr-software-engineer-tech-bentonville-ar
32,walmart,Staff Software Engineer,https://careers.walmart.com/us/jobs/1121848BR-staff-software-engineer-carlsbad-ca
33,walmart,Senior Software Engineer,https://careers.walmart.com/us/jobs/1164356BR-senior-software-engineer-carlsbad-ca
34,walmart,Staff Software Engineer,https://careers.walmart.com/us/jobs/1190115BR-staff-software-engineer-carlsbad-ca
35,walmart,Staff Software Engineer,https://careers.walmart.com/us/jobs/1129743BR-staff-software-engineer-san-bruno-ca
36,walmart,Staff Software Engineer,https://careers.walmart.com/us/jobs/1142106BR-staff-software-engineer-sunnyvale-ca
37,walmart,Principal Software Engineer - Telemetry,https://careers.walmart.com/us/jobs/1143432BR-principal-software-engineer-sunnyvale-ca
38,walmart,Principal Software Engineer - Telemetry,https://careers.walmart.com/us/jobs/1204415BR-principal-software-engineer-carlsbad-ca
39,walmart,Senior Data Scientist - Search / NLP,https://careers.walmart.com/us/jobs/1202892BR-senior-data-scientist-search-nlp-san-bruno-ca
40,walmart,Senior Data Scientist - Search / Machine Learning,https://careers.walmart.com/us/jobs/1202901BR-senior-data-scientist-search-machine-learning-san-bruno-ca
41,walmart,SENIOR SOFTWARE ENGINEER,https://careers.walmart.com/us/jobs/1204296BR-senior-software-engineer-carlsbad-ca
42,walmart,Staff Software Engineer,https://careers.walmart.com/us/jobs/1179082BR-staff-software-engineer-sunnyvale-ca
43,walmart,Staff Software Engineer,https://careers.walmart.com/us/jobs/1206220BR-staff-software-engineer-carlsbad-ca
44,walmart,"Staff Software Engineer, Cloud Enablement",https://careers.walmart.com/us/jobs/833101BR-staff-software-engineer-cloud-enablement-sunnyvale-ca
45,walmart,Software Engineer III,https://careers.walmart.com/us/jobs/1038683BR-software-engineer-iii-sunnyvale-ca
46,walmart,Senior Software Engineer,https://careers.walmart.com/us/jobs/1093745BR-senior-software-engineer-bentonville-ar
47,walmart,Software Engineer 3,https://careers.walmart.com/us/jobs/1206125BR-software-engineer-3-sunnyvale-ca
48,walmart,Principal Data Scientist - Search / Relevance,https://careers.walmart.com/us/jobs/1202883BR-principal-data-scientist-search-relevance-sunnyvale-ca
49,walmart,Staff Data Scientist - Search / NLP,https://careers.walmart.com/us/jobs/1202898BR-staff-data-scientist-search-nlp-sunnyvale-ca
50,walmart,Staff Data Scientist - Search / Machine Learning,https://careers.walmart.com/us/jobs/1202899BR-staff-data-scientist-search-machine-learning-sunnyvale-ca
