4#33_walmart_edited.pdf,https://drive.google.com/a/usc.edu/file/d/1FHQGoUEeRiy_d24aEYLKjHUDV34ejAGm/view?usp=drivesdk
1#4_Cisco_edited.pdf,https://drive.google.com/a/usc.edu/file/d/1RLNjAFwFB7mBWKC0CCh_araxsdJmc9zd/view?usp=drivesdk
2#19_pwc_edited.pdf,https://drive.google.com/a/usc.edu/file/d/1ChCpsNIg6uEoe_PbYwGjLs5i1gxM4m3l/view?usp=drivesdk
2#41_intel_edited.pdf,https://drive.google.com/a/usc.edu/file/d/1LAYEN1OSP2V5W9oB6AlxcI5qV-BJySDe/view?usp=drivesdk
3#41_intel_edited.pdf,https://drive.google.com/a/usc.edu/file/d/1kxC3jT_RC4UYvbAB5nut37svB7V9HiX6/view?usp=drivesdk
1#35_Twitter_edited.pdf,https://drive.google.com/a/usc.edu/file/d/11M-uCFvRMSpiDmn-DZSInbwRy7lXr9XU/view?usp=drivesdk
1#28_Twitter_edited.pdf,https://drive.google.com/a/usc.edu/file/d/1L-taf-Z4YcQYJ7AYs-Paq-OAMbbMDYSN/view?usp=drivesdk
1#26_Twitter_edited.pdf,https://drive.google.com/a/usc.edu/file/d/1-1wQ7s5_UoP6mLkRPcqBleiMGD1m499x/view?usp=drivesdk
4#30_walmart_edited.pdf,https://drive.google.com/a/usc.edu/file/d/10zb_LZHNZLSfCNnDO01_fxXQstNF511H/view?usp=drivesdk
3#19_pwc_edited.pdf,https://drive.google.com/a/usc.edu/file/d/1As3DEO_Q35j2ogJya06BPw_jB-CtPLnC/view?usp=drivesdk
1#36_Twitter_edited.pdf,https://drive.google.com/a/usc.edu/file/d/1JZM2vfUybz7KU5RCIqT0snZRj1Z-I43n/view?usp=drivesdk
4#43_walmart_edited.pdf,https://drive.google.com/a/usc.edu/file/d/1kO7wW0YSkgkGtESOZVgLsBkGg0DlpDtQ/view?usp=drivesdk
1#46_Cisco_edited.pdf,https://drive.google.com/a/usc.edu/file/d/1rpOl5Y0JZdK3LTKg3ElHxanitCtG1my1/view?usp=drivesdk
1#42_Cisco_edited.pdf,https://drive.google.com/a/usc.edu/file/d/173L4ahISZu1wLRafaQ77oqeQbwyeD3b0/view?usp=drivesdk
1#14_Walmart_edited.pdf,https://drive.google.com/a/usc.edu/file/d/1M9IhffUOp8JgUAU7C9v2eF4cq4ZSVeUJ/view?usp=drivesdk
1#19_Walmart_edited.pdf,https://drive.google.com/a/usc.edu/file/d/1VivVK7xxudc62QbIXpr3fwBErBI4mDiz/view?usp=drivesdk
2#40_intel_edited.pdf,https://drive.google.com/a/usc.edu/file/d/1SrjiQvfK2yCRlE3vDQXcC5JpMqwiP1ha/view?usp=drivesdk
1#5_Cisco_edited.pdf,https://drive.google.com/a/usc.edu/file/d/1Zgj7s75jOql1JeF1JfTaTX0Fnn8-jtiN/view?usp=drivesdk
1#43_Cisco_edited.pdf,https://drive.google.com/a/usc.edu/file/d/1Vlur7wTjFzO2Et7eGBSOhYjfQ1ybWbWd/view?usp=drivesdk
3#50_intel_edited.pdf,https://drive.google.com/a/usc.edu/file/d/1XkntgqMzXpU4a5X30QiY25KDDZ_-fwt6/view?usp=drivesdk
4#8_walmart_edited.pdf,https://drive.google.com/a/usc.edu/file/d/1330TfMIenmqhYGaKhhlj-ajGfRpzMFT8/view?usp=drivesdk
1#47_Cisco_edited.pdf,https://drive.google.com/a/usc.edu/file/d/14sprbYlzRVZ_3IbH7FTZgJcnYgxYTU92/view?usp=drivesdk
1#17_Walmart_edited.pdf,https://drive.google.com/a/usc.edu/file/d/13tWwRBVYjnkRmlwpmx8ZZZzFWAsR2h9D/view?usp=drivesdk
2#44_intel_edited.pdf,https://drive.google.com/a/usc.edu/file/d/1LwewpQh9N9JWL-g7c_vmQgMOg9NckPXv/view?usp=drivesdk
1#1_Cisco_edited.pdf,https://drive.google.com/a/usc.edu/file/d/1U1YSPmZrtYU07mcsA_wkeDG0CHwe4FrP/view?usp=drivesdk
4#38_walmart_edited.pdf,https://drive.google.com/a/usc.edu/file/d/1Y0V1bhXpzvfDnjIlUT_Mc74D_A4IWlHk/view?usp=drivesdk
1#33_Twitter_edited.pdf,https://drive.google.com/a/usc.edu/file/d/1xuwsfheP3cS_lty-1J9KbpFO77xxBLlb/view?usp=drivesdk
2#50_intel_edited.pdf,https://drive.google.com/a/usc.edu/file/d/1Mi5yVDvwuFp1wy7Randy6t9X5bSmRvgS/view?usp=drivesdk
1#48_Cisco_edited.pdf,https://drive.google.com/a/usc.edu/file/d/1KcerTc85EktchYqF-PwtHYd1ivOWwxIE/view?usp=drivesdk
4#46_walmart_edited.pdf,https://drive.google.com/a/usc.edu/file/d/1XJj39z7Nbf_5YXe39Edhgk6hvoPaoBZ5/view?usp=drivesdk
4#28_walmart_edited.pdf,https://drive.google.com/a/usc.edu/file/d/1eOe0eOcd2hyR0oaN1yozjtUyhoed1VJb/view?usp=drivesdk
3#44_intel_edited.pdf,https://drive.google.com/a/usc.edu/file/d/11q5OakjThE1xdpgWUEz8wvIjJZhgstHe/view?usp=drivesdk
1#40_Twitter_edited.pdf,https://drive.google.com/a/usc.edu/file/d/1vtTMeyAiG_cOh-rL7QeB_TYeFRnRMZAh/view?usp=drivesdk
3#29_pwc_edited.pdf,https://drive.google.com/a/usc.edu/file/d/1D3n0FOJxsGRKY5hbV3KSAGpn_XJhjyU6/view?usp=drivesdk
2#39_intel_edited.pdf,https://drive.google.com/a/usc.edu/file/d/1D8hkh1uk3awXgeHkDaA5yFodzoYYCRqP/view?usp=drivesdk
3#48_intel_edited.pdf,https://drive.google.com/a/usc.edu/file/d/1RqODi19kew2MPmIxdFjWAXAm6SD-bahp/view?usp=drivesdk
2#48_intel_edited.pdf,https://drive.google.com/a/usc.edu/file/d/1affSiaDe0mYEKe9uODP381jcM3Nv0eX2/view?usp=drivesdk
3#43_intel_edited.pdf,https://drive.google.com/a/usc.edu/file/d/1dXapSJUIjY_ULgkLDq20Eb9aBmhbW_KG/view?usp=drivesdk
4#25_walmart_edited.pdf,https://drive.google.com/a/usc.edu/file/d/19vM7xotQaANjALY-pAMzCAk2WmtM6FAm/view?usp=drivesdk
2#28_pwc_edited.pdf,https://drive.google.com/a/usc.edu/file/d/1SS2oSnzdVCvJv9SIdhchyPwqOygwv89A/view?usp=drivesdk
2#47_intel_edited.pdf,https://drive.google.com/a/usc.edu/file/d/1EppJx2IgMNbCLzgZu3KC-Zjt2euJxJnV/view?usp=drivesdk
2#21_pwc_edited.pdf,https://drive.google.com/a/usc.edu/file/d/1H82c9PWhUE8t9Y133u4ZDJF4SnrOx640/view?usp=drivesdk
4#29_walmart_edited.pdf,https://drive.google.com/a/usc.edu/file/d/1eoeX9UCuXe-Myv7lbqPLqU-gZm9S8GSm/view?usp=drivesdk
3#39_intel_edited.pdf,https://drive.google.com/a/usc.edu/file/d/16VN7gIi8WrXpZ89l7COvzmtd-LZZ9nwb/view?usp=drivesdk
4#34_walmart_edited.pdf,https://drive.google.com/a/usc.edu/file/d/1CvgIGB6x0IsjVuTG3zS_T7tberysGwrm/view?usp=drivesdk
1#32_Twitter_edited.pdf,https://drive.google.com/a/usc.edu/file/d/1NwCw4ev5AnrtMeMlshMxMQf9gwg7qdqj/view?usp=drivesdk
2#43_intel_edited.pdf,https://drive.google.com/a/usc.edu/file/d/1RMLaZEZfquoVwKaVwS684pLlI24sWWj6/view?usp=drivesdk
4#24_walmart_edited.pdf,https://drive.google.com/a/usc.edu/file/d/1j7ne0UtYjNXCbI5VO03WMOgZnEPDVLrj/view?usp=drivesdk
1#6_Cisco_edited.pdf,https://drive.google.com/a/usc.edu/file/d/1ivoqaUrIVxIGas9Y4Bg2upnGBLPsXOmI/view?usp=drivesdk
4#7_walmart_edited.pdf,https://drive.google.com/a/usc.edu/file/d/1Z0uYvHY1ZJlua_O_ymlPy4MUpS4d5X2I/view?usp=drivesdk
1#10_Cisco_edited.pdf,https://drive.google.com/a/usc.edu/file/d/19_TtBUELAZ1UCd2EyncHgoRitKhhbLi8/view?usp=drivesdk
3#47_intel_edited.pdf,https://drive.google.com/a/usc.edu/file/d/1fMKeVj9gh3WTjJrCErOsWfECniivPbve/view?usp=drivesdk
1#18_Walmart_edited.pdf,https://drive.google.com/a/usc.edu/file/d/1xefJ17HU3TEAbHGOu9hjO41Y8YWdC1Vh/view?usp=drivesdk
1#2_Cisco_edited.pdf,https://drive.google.com/a/usc.edu/file/d/1_1ze1yqDJBihebeRRWLdeNJERvYbdMps/view?usp=drivesdk
2#29_pwc_edited.pdf,https://drive.google.com/a/usc.edu/file/d/1t1tjWvjncDMNt4G_TpcQ35kEQJvP-37H/view?usp=drivesdk
1#23_Walmart_edited.pdf,https://drive.google.com/a/usc.edu/file/d/1an_ik4t9ZWznxV2aP6k8xDnhtrofj2LO/view?usp=drivesdk
4#11_walmart_edited.pdf,https://drive.google.com/a/usc.edu/file/d/1bGUi81rEQxHKygL-q6vZi00Camxm2V0t/view?usp=drivesdk
3#49_intel_edited.pdf,https://drive.google.com/a/usc.edu/file/d/1n9M5m1bj0jIgfXO37QGVpnpFJjUk2xpo/view?usp=drivesdk
1#9_Cisco_edited.pdf,https://drive.google.com/a/usc.edu/file/d/1pxikfnfR_YrHRRs5j2B7PvlParEOKRrF/view?usp=drivesdk
2#49_intel_edited.pdf,https://drive.google.com/a/usc.edu/file/d/1qGtTY4DAOT5I2AiNGcRgeU6lqaYJzOWV/view?usp=drivesdk
3#28_pwc_edited.pdf,https://drive.google.com/a/usc.edu/file/d/1ZK-dnWB1Jc13_gdef-mazQrPu4hqGL_y/view?usp=drivesdk
1#45_Cisco_edited.pdf,https://drive.google.com/a/usc.edu/file/d/1wap49Oe_kgpnCROzkriGg5-Xc-AbK2bb/view?usp=drivesdk
4#31_walmart_edited.pdf,https://drive.google.com/a/usc.edu/file/d/1GMY-dmSMtXRYRfWM0Kl6zpF4Sfj8Gi8C/view?usp=drivesdk
2#42_intel_edited.pdf,https://drive.google.com/a/usc.edu/file/d/163s3O-dRV3ACMI8IwYAMOl3Pfr4l_lZb/view?usp=drivesdk
1#37_Twitter_edited.pdf,https://drive.google.com/a/usc.edu/file/d/18SQywZ0u4M0btu8CLHu-l46awuDLZ4VV/view?usp=drivesdk
1#7_Cisco_edited.pdf,https://drive.google.com/a/usc.edu/file/d/1UC50BUs9WYcYjFCF6i5jYEsQVdV898EJ/view?usp=drivesdk
3#38_intel_edited.pdf,https://drive.google.com/a/usc.edu/file/d/1aCPxz7Fh5A5x6yHjsOLD3Ml9DnE_SxL9/view?usp=drivesdk
3#42_intel_edited.pdf,https://drive.google.com/a/usc.edu/file/d/12DiArQudpOihEUuU4ktQ1SmApGLW4BRo/view?usp=drivesdk
1#27_Twitter_edited.pdf,https://drive.google.com/a/usc.edu/file/d/1WK8d0JJgN9x9nx-TZVqBNbhN5vO61nxt/view?usp=drivesdk
4#41_walmart_edited.pdf,https://drive.google.com/a/usc.edu/file/d/1ebYFb9zawfd-ftQVm-rbmXdxKcEu2fEI/view?usp=drivesdk
3#46_intel_edited.pdf,https://drive.google.com/a/usc.edu/file/d/1ofBnXr0svoLifdGeRaVV9pF9CYDEjuVi/view?usp=drivesdk
1#29_Twitter_edited.pdf,https://drive.google.com/a/usc.edu/file/d/1t3KN-9DYZZW7EJbc-ELmlOA-wTUnhKym/view?usp=drivesdk
3#30_pwc_edited.pdf,https://drive.google.com/a/usc.edu/file/d/16T8oNyOZarQVhs9GPopsLieBi-lq6NwV/view?usp=drivesdk
1#3_Cisco_edited.pdf,https://drive.google.com/a/usc.edu/file/d/1Y0hWOP_KG7nZRsVBuxxWI2AXCLKDgI8F/view?usp=drivesdk
4#32_walmart_edited.pdf,https://drive.google.com/a/usc.edu/file/d/1ZpxSVkCTnKgiiNVLcoeuvx_tq7WNGg_o/view?usp=drivesdk
2#38_intel_edited.pdf,https://drive.google.com/a/usc.edu/file/d/1tXS1izs-1wJ0UOzcB-IWEYWq68YWX-6K/view?usp=drivesdk
4#22_walmart_edited.pdf,https://drive.google.com/a/usc.edu/file/d/1SsAPmeGRXh2rgOYtOpvAu67hqlZf1Rde/view?usp=drivesdk
1#11_Cisco_edited.pdf,https://drive.google.com/a/usc.edu/file/d/120Lycp-iy3T8P6MnIjlOQN2qZRb3VTBQ/view?usp=drivesdk
1#39_Twitter_edited.pdf,https://drive.google.com/a/usc.edu/file/d/1nrjpEuTK6H_cmK-9DQZbtmkcUyqKyIf4/view?usp=drivesdk
1#20_Walmart_edited.pdf,https://drive.google.com/a/usc.edu/file/d/16Pu1dBgDF_IlZ82VoJIsi3p3y2pjqUyy/view?usp=drivesdk
2#37_intel_edited.pdf,https://drive.google.com/a/usc.edu/file/d/1T7Q85P4_vC3XhE3A0PAqCyEkbsUOLz7v/view?usp=drivesdk
2#46_intel_edited.pdf,https://drive.google.com/a/usc.edu/file/d/1RHbgkmtLkCuB0PCn01pyZ7_lh6BUmcnT/view?usp=drivesdk
1#34_Twitter_edited.pdf,https://drive.google.com/a/usc.edu/file/d/1XmB9l_3x9RxULorXHxY0YR9chcG7vRDk/view?usp=drivesdk
1#8_Cisco_edited.pdf,https://drive.google.com/a/usc.edu/file/d/1ssy1dO0oIvAwOv84dYZdUAj8Je_NWvyf/view?usp=drivesdk
2#30_pwc_edited.pdf,https://drive.google.com/a/usc.edu/file/d/1vtYTjjGyElHK2huKZuOPVsUFeHsqFr1W/view?usp=drivesdk
3#37_intel_edited.pdf,https://drive.google.com/a/usc.edu/file/d/1AygbKpQjMJLI7HLXYlTfCxoNCLMpdA84/view?usp=drivesdk
4#50_walmart_edited.pdf,https://drive.google.com/a/usc.edu/file/d/1i2LsVmEBfnHV2CTGbIj9xjtIvFfJw18M/view?usp=drivesdk
4#23_walmart_edited.pdf,https://drive.google.com/a/usc.edu/file/d/1gVQnZUWZfWHxzxdmPtv4os7LecBsrRP9/view?usp=drivesdk
4#40_walmart_edited.pdf,https://drive.google.com/a/usc.edu/file/d/1437712AGIihaafVGUORJwp1FmpiomZU4/view?usp=drivesdk
4#13_walmart_edited.pdf,https://drive.google.com/a/usc.edu/file/d/1fHMtRyj3fr7BSFZxufQtz7iUxmA6I_b3/view?usp=drivesdk
1#22_Walmart_edited.pdf,https://drive.google.com/a/usc.edu/file/d/1-fjVe1Ryxjq16OS5vV1CixmzrNmfNnsn/view?usp=drivesdk
4#10_walmart_edited.pdf,https://drive.google.com/a/usc.edu/file/d/1VYfXOeJ6sZOxxKvGs4mtK5_Igvg1SuuK/view?usp=drivesdk
4#20_walmart_edited.pdf,https://drive.google.com/a/usc.edu/file/d/1ehUGzg85ah23JB9EWNO4h7kUMqhwPf0L/view?usp=drivesdk
4#3_walmart_edited.pdf,https://drive.google.com/a/usc.edu/file/d/1auvMIR2e-a4jx-6kon_tjiKbOMrJQebJ/view?usp=drivesdk
4#45_walmart_edited.pdf,https://drive.google.com/a/usc.edu/file/d/1rX-8fs2aDnoJmWnSZJmRFpoX83i5Ojhk/view?usp=drivesdk
4#26_walmart_edited.pdf,https://drive.google.com/a/usc.edu/file/d/11DozfLgI1mEgxwnxLwb3lZX9QAf3uWZ9/view?usp=drivesdk
4#48_walmart_edited.pdf,https://drive.google.com/a/usc.edu/file/d/1S60HYrf3VkXvF4OIV3NUxlg_PLUWG-HN/view?usp=drivesdk
4#5_walmart_edited.pdf,https://drive.google.com/a/usc.edu/file/d/1TBKdFMTTxcpVD03FCszk0jpsDty4XT86/view?usp=drivesdk
4#36_walmart_edited.pdf,https://drive.google.com/a/usc.edu/file/d/1S7t_3MEEES12vkgt_JipTiT1Pj_ACsgB/view?usp=drivesdk
1#24_Walmart_edited.pdf,https://drive.google.com/a/usc.edu/file/d/1p8WLd3H2cPGTs54yEVBRSAMLmTCBtqGJ/view?usp=drivesdk
4#16_walmart_edited.pdf,https://drive.google.com/a/usc.edu/file/d/1JAb_pKc32KEeG5AmFjNnMZX-nsgUYlCd/view?usp=drivesdk
4#18_walmart_edited.pdf,https://drive.google.com/a/usc.edu/file/d/1z44U4My1p58CzWOfMa4GdBHgMb4ZEXjQ/view?usp=drivesdk
4#15_walmart_edited.pdf,https://drive.google.com/a/usc.edu/file/d/1_yxsFWP5hX2KUaM2UXM7l7VfxacqX5El/view?usp=drivesdk
4#35_walmart_edited.pdf,https://drive.google.com/a/usc.edu/file/d/1eOEeJy6OLvvQl4mJ3c_H5LAc9mPfyw73/view?usp=drivesdk
4#6_walmart_edited.pdf,https://drive.google.com/a/usc.edu/file/d/1dH244fg4qSi9BwhlR6r6xk4lienRxe_g/view?usp=drivesdk
4#19_walmart_edited.pdf,https://drive.google.com/a/usc.edu/file/d/1NfGtsBK9SnhyAsJyQtVYa9IaEBb4ZEuf/view?usp=drivesdk
4#14_walmart_edited.pdf,https://drive.google.com/a/usc.edu/file/d/12Yyouswmp0ZIEqjxfhUFNFKlzca4Oc1H/view?usp=drivesdk
4#47_walmart_edited.pdf,https://drive.google.com/a/usc.edu/file/d/1VsCstfR0oROqTqx96y89OIetsAfTuKef/view?usp=drivesdk
4#39_walmart_edited.pdf,https://drive.google.com/a/usc.edu/file/d/1gNFAorw3nOhSImPb2IacrGluv7SvZB_Q/view?usp=drivesdk
4#4_walmart_edited.pdf,https://drive.google.com/a/usc.edu/file/d/1iqAgm_qOHQKTmDsEMmKeayofkaf1WWTE/view?usp=drivesdk
1#15_Walmart_edited.pdf,https://drive.google.com/a/usc.edu/file/d/1l8_5x61h-hUszb5sKd2h1JHG6wzPKJwM/view?usp=drivesdk
4#9_walmart_edited.pdf,https://drive.google.com/a/usc.edu/file/d/1OK1gETeoyJgOEyRo5Gf_ZVuq-RkTIA0-/view?usp=drivesdk
4#37_walmart_edited.pdf,https://drive.google.com/a/usc.edu/file/d/1tGooenVBqfOMtZLGkOFe6UIJGCgnTGwl/view?usp=drivesdk
4#27_walmart_edited.pdf,https://drive.google.com/a/usc.edu/file/d/1uAcYqBug5itLtaIzgMQcUq2IBeJ_CZKl/view?usp=drivesdk
4#44_walmart_edited.pdf,https://drive.google.com/a/usc.edu/file/d/1Xbg__DjOpK1d2TzaYNFBWpn06EWK_Kvx/view?usp=drivesdk
4#49_walmart_edited.pdf,https://drive.google.com/a/usc.edu/file/d/1cDwfnjwei0Qqe4pKkIDVKPwY1J4OWtqg/view?usp=drivesdk
4#17_walmart_edited.pdf,https://drive.google.com/a/usc.edu/file/d/1TLSxZSO4OOknFCluJNVM5-1uL7dDHzC_/view?usp=drivesdk
1#25_Walmart_edited.pdf,https://drive.google.com/a/usc.edu/file/d/17cfEZzq3vPkGmgohiWBXqOHfIagtSAOI/view?usp=drivesdk
4#2_walmart_edited.pdf,https://drive.google.com/a/usc.edu/file/d/1uXPrlEjAcI49xl1q4d_gGlAjoR5NKiln/view?usp=drivesdk
4#42_walmart_edited.pdf,https://drive.google.com/a/usc.edu/file/d/1GO0jnawtakyAd6yjT35qrGuLdLKJTPsX/view?usp=drivesdk
4#21_walmart_edited.pdf,https://drive.google.com/a/usc.edu/file/d/1scLK_wiinqMDOU5c7EC0MrKQut3mmEuR/view?usp=drivesdk
4#12_walmart_edited.pdf,https://drive.google.com/a/usc.edu/file/d/1eEN6iYaaHAcrtkwEMyQ8Fe6KYF8ziOeV/view?usp=drivesdk