1#10_Cisco_edited.pdf,https://skillmatch.s3.amazonaws.com/1%2310_Cisco_edited.pdf
1#11_Cisco_edited.pdf,https://skillmatch.s3.amazonaws.com/1%2311_Cisco_edited.pdf
1#14_Walmart_edited.pdf,https://skillmatch.s3.amazonaws.com/1%2314_Walmart_edited.pdf
1#15_Walmart_edited.pdf,https://skillmatch.s3.amazonaws.com/1%2315_Walmart_edited.pdf
1#17_Walmart_edited.pdf,https://skillmatch.s3.amazonaws.com/1%2317_Walmart_edited.pdf
1#18_Walmart_edited.pdf,https://skillmatch.s3.amazonaws.com/1%2318_Walmart_edited.pdf
1#19_Walmart_edited.pdf,https://skillmatch.s3.amazonaws.com/1%2319_Walmart_edited.pdf
1#1_Cisco_edited.pdf,https://skillmatch.s3.amazonaws.com/1%231_Cisco_edited.pdf
1#20_Walmart_edited.pdf,https://skillmatch.s3.amazonaws.com/1%2320_Walmart_edited.pdf
1#22_Walmart_edited.pdf,https://skillmatch.s3.amazonaws.com/1%2322_Walmart_edited.pdf
1#23_Walmart_edited.pdf,https://skillmatch.s3.amazonaws.com/1%2323_Walmart_edited.pdf
1#24_Walmart_edited.pdf,https://skillmatch.s3.amazonaws.com/1%2324_Walmart_edited.pdf
1#25_Walmart_edited.pdf,https://skillmatch.s3.amazonaws.com/1%2325_Walmart_edited.pdf
1#26_Twitter_edited.pdf,https://skillmatch.s3.amazonaws.com/1%2326_Twitter_edited.pdf
1#27_Twitter_edited.pdf,https://skillmatch.s3.amazonaws.com/1%2327_Twitter_edited.pdf
1#28_Twitter_edited.pdf,https://skillmatch.s3.amazonaws.com/1%2328_Twitter_edited.pdf
1#29_Twitter_edited.pdf,https://skillmatch.s3.amazonaws.com/1%2329_Twitter_edited.pdf
1#2_Cisco_edited.pdf,https://skillmatch.s3.amazonaws.com/1%232_Cisco_edited.pdf
1#32_Twitter_edited.pdf,https://skillmatch.s3.amazonaws.com/1%2332_Twitter_edited.pdf
1#33_Twitter_edited.pdf,https://skillmatch.s3.amazonaws.com/1%2333_Twitter_edited.pdf
1#34_Twitter_edited.pdf,https://skillmatch.s3.amazonaws.com/1%2334_Twitter_edited.pdf
1#35_Twitter_edited.pdf,https://skillmatch.s3.amazonaws.com/1%2335_Twitter_edited.pdf
1#36_Twitter_edited.pdf,https://skillmatch.s3.amazonaws.com/1%2336_Twitter_edited.pdf
1#37_Twitter_edited.pdf,https://skillmatch.s3.amazonaws.com/1%2337_Twitter_edited.pdf
1#39_Twitter_edited.pdf,https://skillmatch.s3.amazonaws.com/1%2339_Twitter_edited.pdf
1#3_Cisco_edited.pdf,https://skillmatch.s3.amazonaws.com/1%233_Cisco_edited.pdf
1#40_Twitter_edited.pdf,https://skillmatch.s3.amazonaws.com/1%2340_Twitter_edited.pdf
1#42_Cisco_edited.pdf,https://skillmatch.s3.amazonaws.com/1%2342_Cisco_edited.pdf
1#43_Cisco_edited.pdf,https://skillmatch.s3.amazonaws.com/1%2343_Cisco_edited.pdf
1#45_Cisco_edited.pdf,https://skillmatch.s3.amazonaws.com/1%2345_Cisco_edited.pdf
1#46_Cisco_edited.pdf,https://skillmatch.s3.amazonaws.com/1%2346_Cisco_edited.pdf
1#47_Cisco_edited.pdf,https://skillmatch.s3.amazonaws.com/1%2347_Cisco_edited.pdf
1#48_Cisco_edited.pdf,https://skillmatch.s3.amazonaws.com/1%2348_Cisco_edited.pdf
1#4_Cisco_edited.pdf,https://skillmatch.s3.amazonaws.com/1%234_Cisco_edited.pdf
1#5_Cisco_edited.pdf,https://skillmatch.s3.amazonaws.com/1%235_Cisco_edited.pdf
1#6_Cisco_edited.pdf,https://skillmatch.s3.amazonaws.com/1%236_Cisco_edited.pdf
1#7_Cisco_edited.pdf,https://skillmatch.s3.amazonaws.com/1%237_Cisco_edited.pdf
1#8_Cisco_edited.pdf,https://skillmatch.s3.amazonaws.com/1%238_Cisco_edited.pdf
1#9_Cisco_edited.pdf,https://skillmatch.s3.amazonaws.com/1%239_Cisco_edited.pdf
2#19_pwc_edited.pdf,https://skillmatch.s3.amazonaws.com/2%2319_pwc_edited.pdf
2#21_pwc_edited.pdf,https://skillmatch.s3.amazonaws.com/2%2321_pwc_edited.pdf
2#28_pwc_edited.pdf,https://skillmatch.s3.amazonaws.com/2%2328_pwc_edited.pdf
2#29_pwc_edited.pdf,https://skillmatch.s3.amazonaws.com/2%2329_pwc_edited.pdf
2#30_pwc_edited.pdf,https://skillmatch.s3.amazonaws.com/2%2330_pwc_edited.pdf
2#37_intel_edited.pdf,https://skillmatch.s3.amazonaws.com/2%2337_intel_edited.pdf
2#38_intel_edited.pdf,https://skillmatch.s3.amazonaws.com/2%2338_intel_edited.pdf
2#39_intel_edited.pdf,https://skillmatch.s3.amazonaws.com/2%2339_intel_edited.pdf
2#40_intel_edited.pdf,https://skillmatch.s3.amazonaws.com/2%2340_intel_edited.pdf
2#41_intel_edited.pdf,https://skillmatch.s3.amazonaws.com/2%2341_intel_edited.pdf
2#42_intel_edited.pdf,https://skillmatch.s3.amazonaws.com/2%2342_intel_edited.pdf
2#43_intel_edited.pdf,https://skillmatch.s3.amazonaws.com/2%2343_intel_edited.pdf
2#44_intel_edited.pdf,https://skillmatch.s3.amazonaws.com/2%2344_intel_edited.pdf
2#46_intel_edited.pdf,https://skillmatch.s3.amazonaws.com/2%2346_intel_edited.pdf
2#47_intel_edited.pdf,https://skillmatch.s3.amazonaws.com/2%2347_intel_edited.pdf
2#48_intel_edited.pdf,https://skillmatch.s3.amazonaws.com/2%2348_intel_edited.pdf
2#49_intel_edited.pdf,https://skillmatch.s3.amazonaws.com/2%2349_intel_edited.pdf
2#50_intel_edited.pdf,https://skillmatch.s3.amazonaws.com/2%2350_intel_edited.pdf
3#19_pwc_edited.pdf,https://skillmatch.s3.amazonaws.com/3%2319_pwc_edited.pdf
3#28_pwc_edited.pdf,https://skillmatch.s3.amazonaws.com/3%2328_pwc_edited.pdf
3#29_pwc_edited.pdf,https://skillmatch.s3.amazonaws.com/3%2329_pwc_edited.pdf
3#30_pwc_edited.pdf,https://skillmatch.s3.amazonaws.com/3%2330_pwc_edited.pdf
3#37_intel_edited.pdf,https://skillmatch.s3.amazonaws.com/3%2337_intel_edited.pdf
3#38_intel_edited.pdf,https://skillmatch.s3.amazonaws.com/3%2338_intel_edited.pdf
3#39_intel_edited.pdf,https://skillmatch.s3.amazonaws.com/3%2339_intel_edited.pdf
3#41_intel_edited.pdf,https://skillmatch.s3.amazonaws.com/3%2341_intel_edited.pdf
3#42_intel_edited.pdf,https://skillmatch.s3.amazonaws.com/3%2342_intel_edited.pdf
3#43_intel_edited.pdf,https://skillmatch.s3.amazonaws.com/3%2343_intel_edited.pdf
3#44_intel_edited.pdf,https://skillmatch.s3.amazonaws.com/3%2344_intel_edited.pdf
3#46_intel_edited.pdf,https://skillmatch.s3.amazonaws.com/3%2346_intel_edited.pdf
3#47_intel_edited.pdf,https://skillmatch.s3.amazonaws.com/3%2347_intel_edited.pdf
3#48_intel_edited.pdf,https://skillmatch.s3.amazonaws.com/3%2348_intel_edited.pdf
3#49_intel_edited.pdf,https://skillmatch.s3.amazonaws.com/3%2349_intel_edited.pdf
3#50_intel_edited.pdf,https://skillmatch.s3.amazonaws.com/3%2350_intel_edited.pdf
4#10_walmart_edited.pdf,https://skillmatch.s3.amazonaws.com/4%2310_walmart_edited.pdf
4#11_walmart_edited.pdf,https://skillmatch.s3.amazonaws.com/4%2311_walmart_edited.pdf
4#12_walmart_edited.pdf,https://skillmatch.s3.amazonaws.com/4%2312_walmart_edited.pdf
4#13_walmart_edited.pdf,https://skillmatch.s3.amazonaws.com/4%2313_walmart_edited.pdf
4#14_walmart_edited.pdf,https://skillmatch.s3.amazonaws.com/4%2314_walmart_edited.pdf
4#15_walmart_edited.pdf,https://skillmatch.s3.amazonaws.com/4%2315_walmart_edited.pdf
4#16_walmart_edited.pdf,https://skillmatch.s3.amazonaws.com/4%2316_walmart_edited.pdf
4#17_walmart_edited.pdf,https://skillmatch.s3.amazonaws.com/4%2317_walmart_edited.pdf
4#18_walmart_edited.pdf,https://skillmatch.s3.amazonaws.com/4%2318_walmart_edited.pdf
4#19_walmart_edited.pdf,https://skillmatch.s3.amazonaws.com/4%2319_walmart_edited.pdf
4#20_walmart_edited.pdf,https://skillmatch.s3.amazonaws.com/4%2320_walmart_edited.pdf
4#21_walmart_edited.pdf,https://skillmatch.s3.amazonaws.com/4%2321_walmart_edited.pdf
4#22_walmart_edited.pdf,https://skillmatch.s3.amazonaws.com/4%2322_walmart_edited.pdf
4#23_walmart_edited.pdf,https://skillmatch.s3.amazonaws.com/4%2323_walmart_edited.pdf
4#24_walmart_edited.pdf,https://skillmatch.s3.amazonaws.com/4%2324_walmart_edited.pdf
4#25_walmart_edited.pdf,https://skillmatch.s3.amazonaws.com/4%2325_walmart_edited.pdf
4#26_walmart_edited.pdf,https://skillmatch.s3.amazonaws.com/4%2326_walmart_edited.pdf
4#27_walmart_edited.pdf,https://skillmatch.s3.amazonaws.com/4%2327_walmart_edited.pdf
4#28_walmart_edited.pdf,https://skillmatch.s3.amazonaws.com/4%2328_walmart_edited.pdf
4#29_walmart_edited.pdf,https://skillmatch.s3.amazonaws.com/4%2329_walmart_edited.pdf
4#2_walmart_edited.pdf,https://skillmatch.s3.amazonaws.com/4%232_walmart_edited.pdf
4#30_walmart_edited.pdf,https://skillmatch.s3.amazonaws.com/4%2330_walmart_edited.pdf
4#31_walmart_edited.pdf,https://skillmatch.s3.amazonaws.com/4%2331_walmart_edited.pdf
4#32_walmart_edited.pdf,https://skillmatch.s3.amazonaws.com/4%2332_walmart_edited.pdf
4#33_walmart_edited.pdf,https://skillmatch.s3.amazonaws.com/4%2333_walmart_edited.pdf
4#34_walmart_edited.pdf,https://skillmatch.s3.amazonaws.com/4%2334_walmart_edited.pdf
4#35_walmart_edited.pdf,https://skillmatch.s3.amazonaws.com/4%2335_walmart_edited.pdf
4#36_walmart_edited.pdf,https://skillmatch.s3.amazonaws.com/4%2336_walmart_edited.pdf
4#37_walmart_edited.pdf,https://skillmatch.s3.amazonaws.com/4%2337_walmart_edited.pdf
4#38_walmart_edited.pdf,https://skillmatch.s3.amazonaws.com/4%2338_walmart_edited.pdf
4#39_walmart_edited.pdf,https://skillmatch.s3.amazonaws.com/4%2339_walmart_edited.pdf
4#3_walmart_edited.pdf,https://skillmatch.s3.amazonaws.com/4%233_walmart_edited.pdf
4#40_walmart_edited.pdf,https://skillmatch.s3.amazonaws.com/4%2340_walmart_edited.pdf
4#41_walmart_edited.pdf,https://skillmatch.s3.amazonaws.com/4%2341_walmart_edited.pdf
4#42_walmart_edited.pdf,https://skillmatch.s3.amazonaws.com/4%2342_walmart_edited.pdf
4#43_walmart_edited.pdf,https://skillmatch.s3.amazonaws.com/4%2343_walmart_edited.pdf
4#44_walmart_edited.pdf,https://skillmatch.s3.amazonaws.com/4%2344_walmart_edited.pdf
4#45_walmart_edited.pdf,https://skillmatch.s3.amazonaws.com/4%2345_walmart_edited.pdf
4#46_walmart_edited.pdf,https://skillmatch.s3.amazonaws.com/4%2346_walmart_edited.pdf
4#47_walmart_edited.pdf,https://skillmatch.s3.amazonaws.com/4%2347_walmart_edited.pdf
4#48_walmart_edited.pdf,https://skillmatch.s3.amazonaws.com/4%2348_walmart_edited.pdf
4#49_walmart_edited.pdf,https://skillmatch.s3.amazonaws.com/4%2349_walmart_edited.pdf
4#4_walmart_edited.pdf,https://skillmatch.s3.amazonaws.com/4%234_walmart_edited.pdf
4#50_walmart_edited.pdf,https://skillmatch.s3.amazonaws.com/4%2350_walmart_edited.pdf
4#5_walmart_edited.pdf,https://skillmatch.s3.amazonaws.com/4%235_walmart_edited.pdf
4#6_walmart_edited.pdf,https://skillmatch.s3.amazonaws.com/4%236_walmart_edited.pdf
4#7_walmart_edited.pdf,https://skillmatch.s3.amazonaws.com/4%237_walmart_edited.pdf
4#8_walmart_edited.pdf,https://skillmatch.s3.amazonaws.com/4%238_walmart_edited.pdf
4#9_walmart_edited.pdf,https://skillmatch.s3.amazonaws.com/4%239_walmart_edited.pdf
